Workbook

Sheet 港口总览
B2: 青岚港货物流向与作业效率
B3: 2025 年度 吞吐趋势 · 进出港结构 · 等泊与作业效率 模拟数据
B5: 全年吞吐量 / 万吨 | F5: 进港货物占比 | J5: 平均等泊 / 小时 | N5: 装卸作业 / 笔
B6: =SUM('日度汇总'!D8:D372)/10000 -> 2516.8532 | F6: =SUM('日度汇总'!B8:B372)/SUM('日度汇总'!D8:D372) -> 0.65048597 | J6: =AVERAGE('作业明细'!I8:I2197) -> 2.6991142 | N6: =SUM('日度汇总'!E8:E372) -> 2190
B9: 01 全年日度吞吐量与短期波动
B27: 02 流向结构与主要货类
B43: 季度吞吐与效率摘要
B44: 季度 | E44: 进港 / 万吨 | H44: 出港 / 万吨 | K44: 总量 / 万吨 | N44: 等泊 / 小时
B45: 1季度 | E45: =SUM('货类与航线'!B8:B10) -> 313.5089 | H45: =SUM('货类与航线'!C8:C10) -> 177.3292 | K45: =SUM(E45,H45) -> 490.8381 | N45: =AVERAGEIFS('作业明细'!$I$8:$I$2197,'作业明细'!$B$8:$B$2197,">="&DATE(2025,1,1),'作业明细'!$B$8:$B$2197,"<"&DATE(2025,4,1)) -> 2.3501852
B46: 2季度 | E46: =SUM('货类与航线'!B11:B13) -> 392.2413 | H46: =SUM('货类与航线'!C11:C13) -> 222.8513 | K46: =SUM(E46,H46) -> 615.0926 | N46: =AVERAGEIFS('作业明细'!$I$8:$I$2197,'作业明细'!$B$8:$B$2197,">="&DATE(2025,4,1),'作业明细'!$B$8:$B$2197,"<"&DATE(2025,7,1)) -> 2.7247802
B47: 3季度 | E47: =SUM('货类与航线'!B14:B16) -> 481.4461 | H47: =SUM('货类与航线'!C14:C16) -> 275.2542 | K47: =SUM(E47,H47) -> 756.7003 | N47: =AVERAGEIFS('作业明细'!$I$8:$I$2197,'作业明细'!$B$8:$B$2197,">="&DATE(2025,7,1),'作业明细'!$B$8:$B$2197,"<"&DATE(2025,10,1)) -> 3.1445652
B48: 4季度 | E48: =SUM('货类与航线'!B17:B19) -> 449.9814 | H48: =SUM('货类与航线'!C17:C19) -> 204.2408 | K48: =SUM(E48,H48) -> 654.2222 | N48: =AVERAGEIFS('作业明细'!$I$8:$I$2197,'作业明细'!$B$8:$B$2197,">="&DATE(2025,10,1),'作业明细'!$B$8:$B$2197,"<"&DATE(2026,1,1)) -> 2.5696196
B51: 口径：进港为卸货，出港为装船；装卸总量按作业计量，转运货物可能重复计入。
B53: 情景：2 月短暂回落、7 月天气延误、9 月集中到港。完整明细可筛选、修改与重算。

Sheet 货类与航线
B2: 货类与航线结构
B3: 2025 年度 货物吨数按装卸作业统计；箱量单独使用 TEU
A7: 月份 | B7: 进港 / 万吨 | C7: 出港 / 万吨 | D7: 总量 / 万吨 | E7: 等泊 / 小时 | F7: 效率 / 吨每小时 | J7: 货类 | K7: 吞吐 / 万吨 | L7: 占比
A8: 1月 | B8: =SUMIFS('作业明细'!$G$8:$G$2197,'作业明细'!$B$8:$B$2197,">="&DATE(2025,1,1),'作业明细'!$B$8:$B$2197,"<"&DATE(2025,2,1),'作业明细'!$C$8:$C$2197,"进港")/10000 -> 111.7009 | C8: =SUMIFS('作业明细'!$G$8:$G$2197,'作业明细'!$B$8:$B$2197,">="&DATE(2025,1,1),'作业明细'!$B$8:$B$2197,"<"&DATE(2025,2,1),'作业明细'!$C$8:$C$2197,"出港")/10000 -> 67.7088 | D8: =SUM(B8:C8) -> 179.4097 | E8: =AVERAGEIFS('作业明细'!$I$8:$I$2197,'作业明细'!$B$8:$B$2197,">="&DATE(2025,1,1),'作业明细'!$B$8:$B$2197,"<"&DATE(2025,2,1)) -> 2.313172 | F8: =D8*10000/SUMIFS('作业明细'!$H$8:$H$2197,'作业明细'!$B$8:$B$2197,">="&DATE(2025,1,1),'作业明细'!$B$8:$B$2197,"<"&DATE(2025,2,1)) -> 1158.7079 | J8: 集装箱货物 | K8: =SUMIFS('作业明细'!$G$8:$G$2197,'作业明细'!$D$8:$D$2197,J8)/10000 -> 337.5125 | L8: =K8/SUM($K$8:$K$13) -> 0.13410099
A9: 2月 | B9: =SUMIFS('作业明细'!$G$8:$G$2197,'作业明细'!$B$8:$B$2197,">="&DATE(2025,2,1),'作业明细'!$B$8:$B$2197,"<"&DATE(2025,3,1),'作业明细'!$C$8:$C$2197,"进港")/10000 -> 87.859 | C9: =SUMIFS('作业明细'!$G$8:$G$2197,'作业明细'!$B$8:$B$2197,">="&DATE(2025,2,1),'作业明细'!$B$8:$B$2197,"<"&DATE(2025,3,1),'作业明细'!$C$8:$C$2197,"出港")/10000 -> 47.3395 | D9: =SUM(B9:C9) -> 135.1985 | E9: =AVERAGEIFS('作业明细'!$I$8:$I$2197,'作业明细'!$B$8:$B$2197,">="&DATE(2025,2,1),'作业明细'!$B$8:$B$2197,"<"&DATE(2025,3,1)) -> 2.2945833 | F9: =D9*10000/SUMIFS('作业明细'!$H$8:$H$2197,'作业明细'!$B$8:$B$2197,">="&DATE(2025,2,1),'作业明细'!$B$8:$B$2197,"<"&DATE(2025,3,1)) -> 1157.571 | J9: 金属矿石 | K9: =SUMIFS('作业明细'!$G$8:$G$2197,'作业明细'!$D$8:$D$2197,J9)/10000 -> 720.5549 | L9: =K9/SUM($K$8:$K$13) -> 0.28629199
A10: 3月 | B10: =SUMIFS('作业明细'!$G$8:$G$2197,'作业明细'!$B$8:$B$2197,">="&DATE(2025,3,1),'作业明细'!$B$8:$B$2197,"<"&DATE(2025,4,1),'作业明细'!$C$8:$C$2197,"进港")/10000 -> 113.949 | C10: =SUMIFS('作业明细'!$G$8:$G$2197,'作业明细'!$B$8:$B$2197,">="&DATE(2025,3,1),'作业明细'!$B$8:$B$2197,"<"&DATE(2025,4,1),'作业明细'!$C$8:$C$2197,"出港")/10000 -> 62.2809 | D10: =SUM(B10:C10) -> 176.2299 | E10: =AVERAGEIFS('作业明细'!$I$8:$I$2197,'作业明细'!$B$8:$B$2197,">="&DATE(2025,3,1),'作业明细'!$B$8:$B$2197,"<"&DATE(2025,4,1)) -> 2.4374194 | F10: =D10*10000/SUMIFS('作业明细'!$H$8:$H$2197,'作业明细'!$B$8:$B$2197,">="&DATE(2025,3,1),'作业明细'!$B$8:$B$2197,"<"&DATE(2025,4,1)) -> 1168.3389 | J10: 煤炭 | K10: =SUMIFS('作业明细'!$G$8:$G$2197,'作业明细'!$D$8:$D$2197,J10)/10000 -> 509.4744 | L10: =K10/SUM($K$8:$K$13) -> 0.20242516
A11: 4月 | B11: =SUMIFS('作业明细'!$G$8:$G$2197,'作业明细'!$B$8:$B$2197,">="&DATE(2025,4,1),'作业明细'!$B$8:$B$2197,"<"&DATE(2025,5,1),'作业明细'!$C$8:$C$2197,"进港")/10000 -> 118.1471 | C11: =SUMIFS('作业明细'!$G$8:$G$2197,'作业明细'!$B$8:$B$2197,">="&DATE(2025,4,1),'作业明细'!$B$8:$B$2197,"<"&DATE(2025,5,1),'作业明细'!$C$8:$C$2197,"出港")/10000 -> 68.7937 | D11: =SUM(B11:C11) -> 186.9408 | E11: =AVERAGEIFS('作业明细'!$I$8:$I$2197,'作业明细'!$B$8:$B$2197,">="&DATE(2025,4,1),'作业明细'!$B$8:$B$2197,"<"&DATE(2025,5,1)) -> 2.7626111 | F11: =D11*10000/SUMIFS('作业明细'!$H$8:$H$2197,'作业明细'!$B$8:$B$2197,">="&DATE(2025,4,1),'作业明细'!$B$8:$B$2197,"<"&DATE(2025,5,1)) -> 1171.9251 | J11: 粮食 | K11: =SUMIFS('作业明细'!$G$8:$G$2197,'作业明细'!$D$8:$D$2197,J11)/10000 -> 317.0849 | L11: =K11/SUM($K$8:$K$13) -> 0.12598466
A12: 5月 | B12: =SUMIFS('作业明细'!$G$8:$G$2197,'作业明细'!$B$8:$B$2197,">="&DATE(2025,5,1),'作业明细'!$B$8:$B$2197,"<"&DATE(2025,6,1),'作业明细'!$C$8:$C$2197,"进港")/10000 -> 138.0739 | C12: =SUMIFS('作业明细'!$G$8:$G$2197,'作业明细'!$B$8:$B$2197,">="&DATE(2025,5,1),'作业明细'!$B$8:$B$2197,"<"&DATE(2025,6,1),'作业明细'!$C$8:$C$2197,"出港")/10000 -> 72.9132 | D12: =SUM(B12:C12) -> 210.9871 | E12: =AVERAGEIFS('作业明细'!$I$8:$I$2197,'作业明细'!$B$8:$B$2197,">="&DATE(2025,5,1),'作业明细'!$B$8:$B$2197,"<"&DATE(2025,6,1)) -> 2.7640323 | F12: =D12*10000/SUMIFS('作业明细'!$H$8:$H$2197,'作业明细'!$B$8:$B$2197,">="&DATE(2025,5,1),'作业明细'!$B$8:$B$2197,"<"&DATE(2025,6,1)) -> 1165.1146 | J12: 液体散货 | K12: =SUMIFS('作业明细'!$G$8:$G$2197,'作业明细'!$D$8:$D$2197,J12)/10000 -> 445.4068 | L12: =K12/SUM($K$8:$K$13) -> 0.17696972
A13: 6月 | B13: =SUMIFS('作业明细'!$G$8:$G$2197,'作业明细'!$B$8:$B$2197,">="&DATE(2025,6,1),'作业明细'!$B$8:$B$2197,"<"&DATE(2025,7,1),'作业明细'!$C$8:$C$2197,"进港")/10000 -> 136.0203 | C13: =SUMIFS('作业明细'!$G$8:$G$2197,'作业明细'!$B$8:$B$2197,">="&DATE(2025,6,1),'作业明细'!$B$8:$B$2197,"<"&DATE(2025,7,1),'作业明细'!$C$8:$C$2197,"出港")/10000 -> 81.1444 | D13: =SUM(B13:C13) -> 217.1647 | E13: =AVERAGEIFS('作业明细'!$I$8:$I$2197,'作业明细'!$B$8:$B$2197,">="&DATE(2025,6,1),'作业明细'!$B$8:$B$2197,"<"&DATE(2025,7,1)) -> 2.6463889 | F13: =D13*10000/SUMIFS('作业明细'!$H$8:$H$2197,'作业明细'!$B$8:$B$2197,">="&DATE(2025,6,1),'作业明细'!$B$8:$B$2197,"<"&DATE(2025,7,1)) -> 1149.8409 | J13: 件杂货 | K13: =SUMIFS('作业明细'!$G$8:$G$2197,'作业明细'!$D$8:$D$2197,J13)/10000 -> 186.8197 | L13: =K13/SUM($K$8:$K$13) -> 0.074227492
A14: 7月 | B14: =SUMIFS('作业明细'!$G$8:$G$2197,'作业明细'!$B$8:$B$2197,">="&DATE(2025,7,1),'作业明细'!$B$8:$B$2197,"<"&DATE(2025,8,1),'作业明细'!$C$8:$C$2197,"进港")/10000 -> 153.0387 | C14: =SUMIFS('作业明细'!$G$8:$G$2197,'作业明细'!$B$8:$B$2197,">="&DATE(2025,7,1),'作业明细'!$B$8:$B$2197,"<"&DATE(2025,8,1),'作业明细'!$C$8:$C$2197,"出港")/10000 -> 78.0127 | D14: =SUM(B14:C14) -> 231.0514 | E14: =AVERAGEIFS('作业明细'!$I$8:$I$2197,'作业明细'!$B$8:$B$2197,">="&DATE(2025,7,1),'作业明细'!$B$8:$B$2197,"<"&DATE(2025,8,1)) -> 3.9457527 | F14: =D14*10000/SUMIFS('作业明细'!$H$8:$H$2197,'作业明细'!$B$8:$B$2197,">="&DATE(2025,7,1),'作业明细'!$B$8:$B$2197,"<"&DATE(2025,8,1)) -> 1169.0163
A15: 8月 | B15: =SUMIFS('作业明细'!$G$8:$G$2197,'作业明细'!$B$8:$B$2197,">="&DATE(2025,8,1),'作业明细'!$B$8:$B$2197,"<"&DATE(2025,9,1),'作业明细'!$C$8:$C$2197,"进港")/10000 -> 138.5614 | C15: =SUMIFS('作业明细'!$G$8:$G$2197,'作业明细'!$B$8:$B$2197,">="&DATE(2025,8,1),'作业明细'!$B$8:$B$2197,"<"&DATE(2025,9,1),'作业明细'!$C$8:$C$2197,"出港")/10000 -> 116.5532 | D15: =SUM(B15:C15) -> 255.1146 | E15: =AVERAGEIFS('作业明细'!$I$8:$I$2197,'作业明细'!$B$8:$B$2197,">="&DATE(2025,8,1),'作业明细'!$B$8:$B$2197,"<"&DATE(2025,9,1)) -> 2.3574731 | F15: =D15*10000/SUMIFS('作业明细'!$H$8:$H$2197,'作业明细'!$B$8:$B$2197,">="&DATE(2025,8,1),'作业明细'!$B$8:$B$2197,"<"&DATE(2025,9,1)) -> 1170.8574
A16: 9月 | B16: =SUMIFS('作业明细'!$G$8:$G$2197,'作业明细'!$B$8:$B$2197,">="&DATE(2025,9,1),'作业明细'!$B$8:$B$2197,"<"&DATE(2025,10,1),'作业明细'!$C$8:$C$2197,"进港")/10000 -> 189.846 | C16: =SUMIFS('作业明细'!$G$8:$G$2197,'作业明细'!$B$8:$B$2197,">="&DATE(2025,9,1),'作业明细'!$B$8:$B$2197,"<"&DATE(2025,10,1),'作业明细'!$C$8:$C$2197,"出港")/10000 -> 80.6883 | D16: =SUM(B16:C16) -> 270.5343 | E16: =AVERAGEIFS('作业明细'!$I$8:$I$2197,'作业明细'!$B$8:$B$2197,">="&DATE(2025,9,1),'作业明细'!$B$8:$B$2197,"<"&DATE(2025,10,1)) -> 3.13 | F16: =D16*10000/SUMIFS('作业明细'!$H$8:$H$2197,'作业明细'!$B$8:$B$2197,">="&DATE(2025,9,1),'作业明细'!$B$8:$B$2197,"<"&DATE(2025,10,1)) -> 1166.7751 | J16: 航线 | K16: 吞吐 / 万吨 | L16: 作业数
A17: 10月 | B17: =SUMIFS('作业明细'!$G$8:$G$2197,'作业明细'!$B$8:$B$2197,">="&DATE(2025,10,1),'作业明细'!$B$8:$B$2197,"<"&DATE(2025,11,1),'作业明细'!$C$8:$C$2197,"进港")/10000 -> 169.9826 | C17: =SUMIFS('作业明细'!$G$8:$G$2197,'作业明细'!$B$8:$B$2197,">="&DATE(2025,10,1),'作业明细'!$B$8:$B$2197,"<"&DATE(2025,11,1),'作业明细'!$C$8:$C$2197,"出港")/10000 -> 74.8382 | D17: =SUM(B17:C17) -> 244.8208 | E17: =AVERAGEIFS('作业明细'!$I$8:$I$2197,'作业明细'!$B$8:$B$2197,">="&DATE(2025,10,1),'作业明细'!$B$8:$B$2197,"<"&DATE(2025,11,1)) -> 2.719086 | F17: =D17*10000/SUMIFS('作业明细'!$H$8:$H$2197,'作业明细'!$B$8:$B$2197,">="&DATE(2025,10,1),'作业明细'!$B$8:$B$2197,"<"&DATE(2025,11,1)) -> 1158.9479 | J17: 东亚 | K17: =SUMIFS('作业明细'!$G$8:$G$2197,'作业明细'!$E$8:$E$2197,J17)/10000 -> 609.8561 | L17: =COUNTIFS('作业明细'!$E$8:$E$2197,J17) -> 550
A18: 11月 | B18: =SUMIFS('作业明细'!$G$8:$G$2197,'作业明细'!$B$8:$B$2197,">="&DATE(2025,11,1),'作业明细'!$B$8:$B$2197,"<"&DATE(2025,12,1),'作业明细'!$C$8:$C$2197,"进港")/10000 -> 146.7216 | C18: =SUMIFS('作业明细'!$G$8:$G$2197,'作业明细'!$B$8:$B$2197,">="&DATE(2025,11,1),'作业明细'!$B$8:$B$2197,"<"&DATE(2025,12,1),'作业明细'!$C$8:$C$2197,"出港")/10000 -> 63.9555 | D18: =SUM(B18:C18) -> 210.6771 | E18: =AVERAGEIFS('作业明细'!$I$8:$I$2197,'作业明细'!$B$8:$B$2197,">="&DATE(2025,11,1),'作业明细'!$B$8:$B$2197,"<"&DATE(2025,12,1)) -> 2.3473333 | F18: =D18*10000/SUMIFS('作业明细'!$H$8:$H$2197,'作业明细'!$B$8:$B$2197,">="&DATE(2025,11,1),'作业明细'!$B$8:$B$2197,"<"&DATE(2025,12,1)) -> 1181.959 | J18: 东南亚 | K18: =SUMIFS('作业明细'!$G$8:$G$2197,'作业明细'!$E$8:$E$2197,J18)/10000 -> 644.4308 | L18: =COUNTIFS('作业明细'!$E$8:$E$2197,J18) -> 532
A19: 12月 | B19: =SUMIFS('作业明细'!$G$8:$G$2197,'作业明细'!$B$8:$B$2197,">="&DATE(2025,12,1),'作业明细'!$B$8:$B$2197,"<"&DATE(2025,13,1),'作业明细'!$C$8:$C$2197,"进港")/10000 -> 133.2772 | C19: =SUMIFS('作业明细'!$G$8:$G$2197,'作业明细'!$B$8:$B$2197,">="&DATE(2025,12,1),'作业明细'!$B$8:$B$2197,"<"&DATE(2025,13,1),'作业明细'!$C$8:$C$2197,"出港")/10000 -> 65.4471 | D19: =SUM(B19:C19) -> 198.7243 | E19: =AVERAGEIFS('作业明细'!$I$8:$I$2197,'作业明细'!$B$8:$B$2197,">="&DATE(2025,12,1),'作业明细'!$B$8:$B$2197,"<"&DATE(2025,13,1)) -> 2.6352688 | F19: =D19*10000/SUMIFS('作业明细'!$H$8:$H$2197,'作业明细'!$B$8:$B$2197,">="&DATE(2025,12,1),'作业明细'!$B$8:$B$2197,"<"&DATE(2025,13,1)) -> 1158.3978 | J19: 欧洲 | K19: =SUMIFS('作业明细'!$G$8:$G$2197,'作业明细'!$E$8:$E$2197,J19)/10000 -> 363.53 | L19: =COUNTIFS('作业明细'!$E$8:$E$2197,J19) -> 328
J20: 北美 | K20: =SUMIFS('作业明细'!$G$8:$G$2197,'作业明细'!$E$8:$E$2197,J20)/10000 -> 310.9356 | L20: =COUNTIFS('作业明细'!$E$8:$E$2197,J20) -> 265
J21: 国内沿海 | K21: =SUMIFS('作业明细'!$G$8:$G$2197,'作业明细'!$E$8:$E$2197,J21)/10000 -> 588.1007 | L21: =COUNTIFS('作业明细'!$E$8:$E$2197,J21) -> 515

Sheet 作业效率
B2: 作业效率与等待时间
B3: 2025 年度 按货类和航线比较；变化反映模拟业务情景
A7: 货类 | B7: 货量 / 吨 | C7: 作业时 / h | D7: 吨 / 小时 | E7: 等泊 / h | F7: 按计划完成率
A8: 集装箱货物 | B8: =SUMIFS('作业明细'!$G$8:$G$2197,'作业明细'!$D$8:$D$2197,A8) -> 3375125 | C8: =SUMIFS('作业明细'!$H$8:$H$2197,'作业明细'!$D$8:$D$2197,A8) -> 3923.69 | D8: =B8/C8 -> 860.19155 | E8: =AVERAGEIFS('作业明细'!$I$8:$I$2197,'作业明细'!$D$8:$D$2197,A8) -> 2.8247671 | F8: =AVERAGEIFS('作业明细'!$L$8:$L$2197,'作业明细'!$D$8:$D$2197,A8) -> 0.38082192
A9: 金属矿石 | B9: =SUMIFS('作业明细'!$G$8:$G$2197,'作业明细'!$D$8:$D$2197,A9) -> 7205549 | C9: =SUMIFS('作业明细'!$H$8:$H$2197,'作业明细'!$D$8:$D$2197,A9) -> 4607.85 | D9: =B9/C9 -> 1563.7551 | E9: =AVERAGEIFS('作业明细'!$I$8:$I$2197,'作业明细'!$D$8:$D$2197,A9) -> 2.7390411 | F9: =AVERAGEIFS('作业明细'!$L$8:$L$2197,'作业明细'!$D$8:$D$2197,A9) -> 0.52054795
A10: 煤炭 | B10: =SUMIFS('作业明细'!$G$8:$G$2197,'作业明细'!$D$8:$D$2197,A10) -> 5094744 | C10: =SUMIFS('作业明细'!$H$8:$H$2197,'作业明细'!$D$8:$D$2197,A10) -> 3804.66 | D10: =B10/C10 -> 1339.08 | E10: =AVERAGEIFS('作业明细'!$I$8:$I$2197,'作业明细'!$D$8:$D$2197,A10) -> 2.6128493 | F10: =AVERAGEIFS('作业明细'!$L$8:$L$2197,'作业明细'!$D$8:$D$2197,A10) -> 0.5260274
A11: 粮食 | B11: =SUMIFS('作业明细'!$G$8:$G$2197,'作业明细'!$D$8:$D$2197,A11) -> 3170849 | C11: =SUMIFS('作业明细'!$H$8:$H$2197,'作业明细'!$D$8:$D$2197,A11) -> 3072.65 | D11: =B11/C11 -> 1031.9591 | E11: =AVERAGEIFS('作业明细'!$I$8:$I$2197,'作业明细'!$D$8:$D$2197,A11) -> 2.7722466 | F11: =AVERAGEIFS('作业明细'!$L$8:$L$2197,'作业明细'!$D$8:$D$2197,A11) -> 0.50410959
A12: 液体散货 | B12: =SUMIFS('作业明细'!$G$8:$G$2197,'作业明细'!$D$8:$D$2197,A12) -> 4454068 | C12: =SUMIFS('作业明细'!$H$8:$H$2197,'作业明细'!$D$8:$D$2197,A12) -> 3018.52 | D12: =B12/C12 -> 1475.5801 | E12: =AVERAGEIFS('作业明细'!$I$8:$I$2197,'作业明细'!$D$8:$D$2197,A12) -> 2.6360274 | F12: =AVERAGEIFS('作业明细'!$L$8:$L$2197,'作业明细'!$D$8:$D$2197,A12) -> 0.5890411
A13: 件杂货 | B13: =SUMIFS('作业明细'!$G$8:$G$2197,'作业明细'!$D$8:$D$2197,A13) -> 1868197 | C13: =SUMIFS('作业明细'!$H$8:$H$2197,'作业明细'!$D$8:$D$2197,A13) -> 3176.37 | D13: =B13/C13 -> 588.15472 | E13: =AVERAGEIFS('作业明细'!$I$8:$I$2197,'作业明细'!$D$8:$D$2197,A13) -> 2.6097534 | F13: =AVERAGEIFS('作业明细'!$L$8:$L$2197,'作业明细'!$D$8:$D$2197,A13) -> 0.38082192

Sheet 日度汇总
A2: 日度汇总与计算
A3: 365 天完整公式；预览前 39 天；吞吐量为进港卸货与出港装货合计
A7: 日期 | B7: 进港 / 吨 | C7: 出港 / 吨 | D7: 合计 / 吨 | E7: 作业数 | F7: 平均等泊 / h | G7: 作业总时 / h | H7: 吨 / 作业小时
A8: 45658 | B8: =SUMIFS('作业明细'!$G$8:$G$2197,'作业明细'!$B$8:$B$2197,A8,'作业明细'!$C$8:$C$2197,"进港") -> 34707 | C8: =SUMIFS('作业明细'!$G$8:$G$2197,'作业明细'!$B$8:$B$2197,A8,'作业明细'!$C$8:$C$2197,"出港") -> 24977 | D8: =SUM(B8:C8) -> 59684 | E8: =COUNTIFS('作业明细'!$B$8:$B$2197,A8) -> 6 | F8: =AVERAGEIFS('作业明细'!$I$8:$I$2197,'作业明细'!$B$8:$B$2197,A8) -> 2.5683333 | G8: =SUMIFS('作业明细'!$H$8:$H$2197,'作业明细'!$B$8:$B$2197,A8) -> 51.3 | H8: =D8/G8 -> 1163.4308
A9: 45659 | B9: =SUMIFS('作业明细'!$G$8:$G$2197,'作业明细'!$B$8:$B$2197,A9,'作业明细'!$C$8:$C$2197,"进港") -> 35048 | C9: =SUMIFS('作业明细'!$G$8:$G$2197,'作业明细'!$B$8:$B$2197,A9,'作业明细'!$C$8:$C$2197,"出港") -> 19141 | D9: =SUM(B9:C9) -> 54189 | E9: =COUNTIFS('作业明细'!$B$8:$B$2197,A9) -> 6 | F9: =AVERAGEIFS('作业明细'!$I$8:$I$2197,'作业明细'!$B$8:$B$2197,A9) -> 3.01 | G9: =SUMIFS('作业明细'!$H$8:$H$2197,'作业明细'!$B$8:$B$2197,A9) -> 48.15 | H9: =D9/G9 -> 1125.4206
A10: 45660 | B10: =SUMIFS('作业明细'!$G$8:$G$2197,'作业明细'!$B$8:$B$2197,A10,'作业明细'!$C$8:$C$2197,"进港") -> 39073 | C10: =SUMIFS('作业明细'!$G$8:$G$2197,'作业明细'!$B$8:$B$2197,A10,'作业明细'!$C$8:$C$2197,"出港") -> 32488 | D10: =SUM(B10:C10) -> 71561 | E10: =COUNTIFS('作业明细'!$B$8:$B$2197,A10) -> 6 | F10: =AVERAGEIFS('作业明细'!$I$8:$I$2197,'作业明细'!$B$8:$B$2197,A10) -> 1.4333333 | G10: =SUMIFS('作业明细'!$H$8:$H$2197,'作业明细'!$B$8:$B$2197,A10) -> 59.44 | H10: =D10/G10 -> 1203.9199
A11: 45661 | B11: =SUMIFS('作业明细'!$G$8:$G$2197,'作业明细'!$B$8:$B$2197,A11,'作业明细'!$C$8:$C$2197,"进港") -> 46441 | C11: =SUMIFS('作业明细'!$G$8:$G$2197,'作业明细'!$B$8:$B$2197,A11,'作业明细'!$C$8:$C$2197,"出港") -> 26624 | D11: =SUM(B11:C11) -> 73065 | E11: =COUNTIFS('作业明细'!$B$8:$B$2197,A11) -> 6 | F11: =AVERAGEIFS('作业明细'!$I$8:$I$2197,'作业明细'!$B$8:$B$2197,A11) -> 2.7516667 | G11: =SUMIFS('作业明细'!$H$8:$H$2197,'作业明细'!$B$8:$B$2197,A11) -> 64.95 | H11: =D11/G11 -> 1124.9423
A12: 45662 | B12: =SUMIFS('作业明细'!$G$8:$G$2197,'作业明细'!$B$8:$B$2197,A12,'作业明细'!$C$8:$C$2197,"进港") -> 40697 | C12: =SUMIFS('作业明细'!$G$8:$G$2197,'作业明细'!$B$8:$B$2197,A12,'作业明细'!$C$8:$C$2197,"出港") -> 25630 | D12: =SUM(B12:C12) -> 66327 | E12: =COUNTIFS('作业明细'!$B$8:$B$2197,A12) -> 6 | F12: =AVERAGEIFS('作业明细'!$I$8:$I$2197,'作业明细'!$B$8:$B$2197,A12) -> 1.6983333 | G12: =SUMIFS('作业明细'!$H$8:$H$2197,'作业明细'!$B$8:$B$2197,A12) -> 55.88 | H12: =D12/G12 -> 1186.9542
A13: 45663 | B13: =SUMIFS('作业明细'!$G$8:$G$2197,'作业明细'!$B$8:$B$2197,A13,'作业明细'!$C$8:$C$2197,"进港") -> 21735 | C13: =SUMIFS('作业明细'!$G$8:$G$2197,'作业明细'!$B$8:$B$2197,A13,'作业明细'!$C$8:$C$2197,"出港") -> 48180 | D13: =SUM(B13:C13) -> 69915 | E13: =COUNTIFS('作业明细'!$B$8:$B$2197,A13) -> 6 | F13: =AVERAGEIFS('作业明细'!$I$8:$I$2197,'作业明细'!$B$8:$B$2197,A13) -> 3.3166667 | G13: =SUMIFS('作业明细'!$H$8:$H$2197,'作业明细'!$B$8:$B$2197,A13) -> 57.4 | H13: =D13/G13 -> 1218.0314
A14: 45664 | B14: =SUMIFS('作业明细'!$G$8:$G$2197,'作业明细'!$B$8:$B$2197,A14,'作业明细'!$C$8:$C$2197,"进港") -> 43815 | C14: =SUMIFS('作业明细'!$G$8:$G$2197,'作业明细'!$B$8:$B$2197,A14,'作业明细'!$C$8:$C$2197,"出港") -> 11493 | D14: =SUM(B14:C14) -> 55308 | E14: =COUNTIFS('作业明细'!$B$8:$B$2197,A14) -> 6 | F14: =AVERAGEIFS('作业明细'!$I$8:$I$2197,'作业明细'!$B$8:$B$2197,A14) -> 2.1566667 | G14: =SUMIFS('作业明细'!$H$8:$H$2197,'作业明细'!$B$8:$B$2197,A14) -> 47.52 | H14: =D14/G14 -> 1163.8889
A15: 45665 | B15: =SUMIFS('作业明细'!$G$8:$G$2197,'作业明细'!$B$8:$B$2197,A15,'作业明细'!$C$8:$C$2197,"进港") -> 46734 | C15: =SUMIFS('作业明细'!$G$8:$G$2197,'作业明细'!$B$8:$B$2197,A15,'作业明细'!$C$8:$C$2197,"出港") -> 4428 | D15: =SUM(B15:C15) -> 51162 | E15: =COUNTIFS('作业明细'!$B$8:$B$2197,A15) -> 6 | F15: =AVERAGEIFS('作业明细'!$I$8:$I$2197,'作业明细'!$B$8:$B$2197,A15) -> 1.7783333 | G15: =SUMIFS('作业明细'!$H$8:$H$2197,'作业明细'!$B$8:$B$2197,A15) -> 42.53 | H15: =D15/G15 -> 1202.9626
A16: 45666 | B16: =SUMIFS('作业明细'!$G$8:$G$2197,'作业明细'!$B$8:$B$2197,A16,'作业明细'!$C$8:$C$2197,"进港") -> 31843 | C16: =SUMIFS('作业明细'!$G$8:$G$2197,'作业明细'!$B$8:$B$2197,A16,'作业明细'!$C$8:$C$2197,"出港") -> 27839 | D16: =SUM(B16:C16) -> 59682 | E16: =COUNTIFS('作业明细'!$B$8:$B$2197,A16) -> 6 | F16: =AVERAGEIFS('作业明细'!$I$8:$I$2197,'作业明细'!$B$8:$B$2197,A16) -> 1.71 | G16: =SUMIFS('作业明细'!$H$8:$H$2197,'作业明细'!$B$8:$B$2197,A16) -> 48.74 | H16: =D16/G16 -> 1224.4973
A17: 45667 | B17: =SUMIFS('作业明细'!$G$8:$G$2197,'作业明细'!$B$8:$B$2197,A17,'作业明细'!$C$8:$C$2197,"进港") -> 22191 | C17: =SUMIFS('作业明细'!$G$8:$G$2197,'作业明细'!$B$8:$B$2197,A17,'作业明细'!$C$8:$C$2197,"出港") -> 29423 | D17: =SUM(B17:C17) -> 51614 | E17: =COUNTIFS('作业明细'!$B$8:$B$2197,A17) -> 6 | F17: =AVERAGEIFS('作业明细'!$I$8:$I$2197,'作业明细'!$B$8:$B$2197,A17) -> 2.5866667 | G17: =SUMIFS('作业明细'!$H$8:$H$2197,'作业明细'!$B$8:$B$2197,A17) -> 42.59 | H17: =D17/G17 -> 1211.8807
A18: 45668 | B18: =SUMIFS('作业明细'!$G$8:$G$2197,'作业明细'!$B$8:$B$2197,A18,'作业明细'!$C$8:$C$2197,"进港") -> 28718 | C18: =SUMIFS('作业明细'!$G$8:$G$2197,'作业明细'!$B$8:$B$2197,A18,'作业明细'!$C$8:$C$2197,"出港") -> 33569 | D18: =SUM(B18:C18) -> 62287 | E18: =COUNTIFS('作业明细'!$B$8:$B$2197,A18) -> 6 | F18: =AVERAGEIFS('作业明细'!$I$8:$I$2197,'作业明细'!$B$8:$B$2197,A18) -> 1.89 | G18: =SUMIFS('作业明细'!$H$8:$H$2197,'作业明细'!$B$8:$B$2197,A18) -> 54.43 | H18: =D18/G18 -> 1144.3505
A19: 45669 | B19: =SUMIFS('作业明细'!$G$8:$G$2197,'作业明细'!$B$8:$B$2197,A19,'作业明细'!$C$8:$C$2197,"进港") -> 26291 | C19: =SUMIFS('作业明细'!$G$8:$G$2197,'作业明细'!$B$8:$B$2197,A19,'作业明细'!$C$8:$C$2197,"出港") -> 29132 | D19: =SUM(B19:C19) -> 55423 | E19: =COUNTIFS('作业明细'!$B$8:$B$2197,A19) -> 6 | F19: =AVERAGEIFS('作业明细'!$I$8:$I$2197,'作业明细'!$B$8:$B$2197,A19) -> 4.3816667 | G19: =SUMIFS('作业明细'!$H$8:$H$2197,'作业明细'!$B$8:$B$2197,A19) -> 49.27 | H19: =D19/G19 -> 1124.8833
... A372: 46022 | B372: =SUMIFS('作业明细'!$G$8:$G$2197,'作业明细'!$B$8:$B$2197,A372,'作业明细'!$C$8:$C$2197,"进港") -> 24366 | C372: =SUMIFS('作业明细'!$G$8:$G$2197,'作业明细'!$B$8:$B$2197,A372,'作业明细'!$C$8:$C$2197,"出港") -> 30056 | D372: =SUM(B372:C372) -> 54422 | E372: =COUNTIFS('作业明细'!$B$8:$B$2197,A372) -> 6 | F372: =AVERAGEIFS('作业明细'!$I$8:$I$2197,'作业明细'!$B$8:$B$2197,A372) -> 3.0766667 | G372: =SUMIFS('作业明细'!$H$8:$H$2197,'作业明细'!$B$8:$B$2197,A372) -> 46.82 | H372: =D372/G372 -> 1162.3665

Sheet 作业明细
A2: 装卸作业明细
A3: 2,190 条模拟记录；预览前 39 条，完整数据保存在本工作表
A7: 作业编号 | B7: 日期 | C7: 流向 | D7: 货类 | E7: 航线 | F7: 泊位 | G7: 货物吨数 | H7: 作业小时 | I7: 等泊小时 | J7: 计划小时 | K7: 箱量TEU | L7: 按计划完成
A8: QL-001-1 | B8: 45658 | C8: 出港 | D8: 集装箱货物 | E8: 东亚 | F8: 01号泊位 | G8: 7191 | H8: 7.07 | I8: 2.02 | J8: 7.99 | K8: 455 | L8: =IF(H8<=J8,1,0) -> 1
A9: QL-001-2 | B9: 45658 | C9: 进港 | D9: 金属矿石 | E9: 东南亚 | F9: 02号泊位 | G9: 12602 | H9: 8.37 | I9: 3.6 | J9: 8.13 | K9: 0 | L9: =IF(H9<=J9,1,0) -> 0
A10: QL-001-3 | B10: 45658 | C10: 进港 | D10: 煤炭 | E10: 北美 | F10: 03号泊位 | G10: 15687 | H10: 11.53 | I10: 3.03 | J10: 11.88 | K10: 0 | L10: =IF(H10<=J10,1,0) -> 1
A11: QL-001-4 | B11: 45658 | C11: 出港 | D11: 粮食 | E11: 东南亚 | F11: 04号泊位 | G11: 5740 | H11: 5.66 | I11: 1.06 | J11: 5.63 | K11: 0 | L11: =IF(H11<=J11,1,0) -> 0
A12: QL-001-5 | B12: 45658 | C12: 出港 | D12: 液体散货 | E12: 北美 | F12: 05号泊位 | G12: 12046 | H12: 8.41 | I12: 2.75 | J12: 8.37 | K12: 0 | L12: =IF(H12<=J12,1,0) -> 0
A13: QL-001-6 | B13: 45658 | C13: 进港 | D13: 件杂货 | E13: 东亚 | F13: 06号泊位 | G13: 6418 | H13: 10.26 | I13: 2.95 | J13: 10.52 | K13: 0 | L13: =IF(H13<=J13,1,0) -> 1
A14: QL-002-1 | B14: 45659 | C14: 出港 | D14: 集装箱货物 | E14: 欧洲 | F14: 01号泊位 | G14: 12885 | H14: 17.01 | I14: 1.66 | J14: 14.32 | K14: 876 | L14: =IF(H14<=J14,1,0) -> 0
A15: QL-002-2 | B15: 45659 | C15: 进港 | D15: 金属矿石 | E15: 欧洲 | F15: 02号泊位 | G15: 12524 | H15: 7.1 | I15: 0.3 | J15: 8.08 | K15: 0 | L15: =IF(H15<=J15,1,0) -> 1
A16: QL-002-3 | B16: 45659 | C16: 进港 | D16: 煤炭 | E16: 北美 | F16: 03号泊位 | G16: 12050 | H16: 7.87 | I16: 6.78 | J16: 9.13 | K16: 0 | L16: =IF(H16<=J16,1,0) -> 1
A17: QL-002-4 | B17: 45659 | C17: 出港 | D17: 粮食 | E17: 国内沿海 | F17: 04号泊位 | G17: 6256 | H17: 6.04 | I17: 8.11 | J17: 6.13 | K17: 0 | L17: =IF(H17<=J17,1,0) -> 1
A18: QL-002-5 | B18: 45659 | C18: 进港 | D18: 液体散货 | E18: 东亚 | F18: 05号泊位 | G18: 7144 | H18: 4.94 | I18: 0.85 | J18: 4.96 | K18: 0 | L18: =IF(H18<=J18,1,0) -> 1
A19: QL-002-6 | B19: 45659 | C19: 进港 | D19: 件杂货 | E19: 北美 | F19: 06号泊位 | G19: 3330 | H19: 5.19 | I19: 0.36 | J19: 5.46 | K19: 0 | L19: =IF(H19<=J19,1,0) -> 1
... A2197: QL-365-6 | B2197: 46022 | C2197: 进港 | D2197: 件杂货 | E2197: 国内沿海 | F2197: 06号泊位 | G2197: 5470 | H2197: 9.49 | I2197: 4.63 | J2197: 8.97 | K2197: 0 | L2197: =IF(H2197<=J2197,1,0) -> 0
